Marked,Time,Serial Bus,Rx,Tx,Errors
,20.00us,Serial1,H,,
,1.060ms,Serial1,R,,
,2.100ms,Serial1,CR,,
,2.300ms,Serial1,,?,
,3.440ms,Serial1,,CR,
,193.5ms,Serial1,S,,
,194.5ms,Serial1,K,,
,195.6ms,Serial1,CR,,
,196.8ms,Serial1,,%,
,198.0ms,Serial1,,CR,
,457.9ms,Serial1,M,,
,458.9ms,Serial1,V,,
,459.9ms,Serial1,CR,,
,461.3ms,Serial1,,1,
,462.4ms,Serial1,,0,
,463.6ms,Serial1,,7,
,464.7ms,Serial1,,G,
,465.8ms,Serial1,,0,
,467.0ms,Serial1,,2,
,468.1ms,Serial1,,7,
,469.3ms,Serial1,,CR,
,496.5ms,Serial1,R,,
,497.6ms,Serial1,L,,
,498.6ms,Serial1,s,,
,499.7ms,Serial1,CR,,
,501.1ms,Serial1,,R,
,502.2ms,Serial1,,L,
,503.4ms,Serial1,,s,
,504.5ms,Serial1,,=,
,505.7ms,Serial1,,1,
,506.8ms,Serial1,,CR,
,532.0ms,Serial1,E,,
,533.0ms,Serial1,G,,
,534.1ms,Serial1,CR,,
,535.5ms,Serial1,,E,
,536.6ms,Serial1,,G,
,537.8ms,Serial1,,=,
,538.9ms,Serial1,,3,
,540.1ms,Serial1,,6,
,541.2ms,Serial1,,0,
,542.4ms,Serial1,,0,
,543.5ms,Serial1,,CR,
,568.7ms,Serial1,I,,
,569.8ms,Serial1,F,,
,570.8ms,Serial1,CR,,
,572.3ms,Serial1,,I,
,573.4ms,Serial1,,F,
,574.6ms,Serial1,,=,
,575.7ms,Serial1,,H,
,576.9ms,Serial1,,CR,
,602.0ms,Serial1,P,,
,603.0ms,Serial1,R,,
,604.1ms,Serial1,CR,,
,605.4ms,Serial1,,P,
,606.6ms,Serial1,,R,
,607.7ms,Serial1,,=,
,608.9ms,Serial1,,5,
,610.0ms,Serial1,,CR,
,635.1ms,Serial1,P,,
,636.1ms,Serial1,R,,
,637.2ms,Serial1,5,,
,638.2ms,Serial1,CR,,
,639.5ms,Serial1,,%,
,640.7ms,Serial1,,CR,
,665.5ms,Serial1,P,,
,666.6ms,Serial1,M,,
,667.6ms,Serial1,CR,,
,669.1ms,Serial1,,P,
,670.3ms,Serial1,,M,
,671.4ms,Serial1,,=,
,672.6ms,Serial1,,3,
,673.7ms,Serial1,,CR,
,698.7ms,Serial1,R,,
,699.8ms,Serial1,V,,
,700.8ms,Serial1,CR,,
,702.3ms,Serial1,,R,
,703.4ms,Serial1,,V,
,704.6ms,Serial1,,=,
,705.7ms,Serial1,,1,
,706.8ms,Serial1,,0,
,708.0ms,Serial1,,7,
,709.1ms,Serial1,,CR,
,734.1ms,Serial1,S,,
,735.1ms,Serial1,R,,
,736.2ms,Serial1,-,,
,737.2ms,Serial1,1,,
,738.2ms,Serial1,CR,,
,739.5ms,Serial1,,%,
,740.6ms,Serial1,,CR,
,765.6ms,Serial1,S,,
,766.6ms,Serial1,V,,
,767.7ms,Serial1,CR,,
,769.1ms,Serial1,,S,
,770.2ms,Serial1,,V,
,771.4ms,Serial1,,=,
,772.5ms,Serial1,,1,
,773.7ms,Serial1,,0,
,774.8ms,Serial1,,0,
,776.0ms,Serial1,,CR,
,801.0ms,Serial1,S,,
,802.0ms,Serial1,R,,
,803.0ms,Serial1,1,,
,804.1ms,Serial1,0,,
,805.1ms,Serial1,0,,
,806.2ms,Serial1,CR,,
,807.4ms,Serial1,,%,
,808.6ms,Serial1,,CR,
,833.5ms,Serial1,S,,
,834.6ms,Serial1,V,,
,835.6ms,Serial1,CR,,
,836.9ms,Serial1,,S,
,838.1ms,Serial1,,V,
,839.2ms,Serial1,,=,
,840.4ms,Serial1,,G,
,841.5ms,Serial1,,CR,
